<?xml version="1.0" encoding="UTF-8" standalone="yes"?>
<addon id="repository.NaTezBuilD" name="NatezBuilD" version="1.0" provider-name="Nate714">
    <extension point="xbmc.addon.repository" name="NaTesBuild">
        <dir>
            <info compressed="false">https://raw.githubusercontent.com/Nate714/repository.NaTezBuilD/master/zips/addons.xml</info>
            <checksum>https://raw.githubusercontent.com/Nate714/repository.NaTezBuilD/master/zips/addons.xml.md5</checksum>
            <datadir zip="true">https://raw.githubusercontent.com/Nate714/repository.NaTezBuilD/master/zips/</datadir>
        </dir>
    </extension>
    <extension point="xbmc.addon.metadata">
        <summary>repository.NaTezBuilD</summary>
        <description>DESCRIPTION OF YOUR REPO HERE</description>
        <disclaimer></disclaimer>
        <platform>all</platform>
        <assets>
            <icon>icon.png</icon>
            <fanart>fanart.jpg</fanart>
        </assets>
    </extension>
</addon>